{"cameraMode":{"drawMode":0,"name":"Shaded","section":"Shading Mode"},"sceneLighting":true,"audioPlay":false,"sceneViewState":{"m_AlwaysRefresh":false,"showFog":true,"showSkybox":true,"showFlares":true,"showImageEffects":true,"showParticleSystems":true,"showVisualEffectGraphs":true,"m_FxEnabled":true},"in2DMode":false,"pivot":{"x":5.404654026031494,"y":37.21781921386719,"z":53.17982482910156},"rotation":{"x":-0.00029253994580358267,"y":-0.3220575153827667,"z":0.0001013754153973423,"w":-0.9467183351516724},"size":68.23416900634766,"orthographic":false}